{
  "assets": [
    "AURUM",
    "BOREALIS",
    "CYGNUS",
    "DELPHI",
    "EQUINOX"
  ],
  "frequency": "monthly",
  "periods_per_year": 12,
  "expected_returns": [
    0.08,
    0.1,
    0.07,
    0.12,
    0.05
  ],
  "covariance": [
    [
      0.0324,
      0.00792,
      0.0054,
      0.009,
      0.0036
    ],
    [
      0.00792,
      0.0484,
      0.0066,
      0.011,
      0.0044
    ],
    [
      0.0054,
      0.0066,
      0.0225,
      0.0075,
      0.003
    ],
    [
      0.009,
      0.011,
      0.0075,
      0.0625,
      0.005
    ],
    [
      0.0036,
      0.0044,
      0.003,
      0.005,
      0.01
    ]
  ],
  "returns": [
    [
      0.114,
      -0.0102,
      -0.001,
      -0.0289,
      -0.0038
    ],
    [
      -0.0763,
      -0.0474,
      -0.0509,
      -0.0903,
      -0.033
    ],
    [
      -0.0456,
      0.0316,
      -0.0123,
      -0.1614,
      -0.0216
    ],
    [
      -0.0744,
      -0.0137,
      -0.0273,
      0.1288,
      0.0063
    ],
    [
      -0.057,
      -0.0184,
      -0.0286,
      -0.0243,
      0.0425
    ],
    [
      0.103,
      -0.1469,
      -0.0278,
      -0.0291,
      0.0006
    ],
    [
      -0.0299,
      0.0162,
      -0.0373,
      -0.1123,
      0.0453
    ],
    [
      0.082,
      -0.0034,
      0.0398,
      0.0139,
      0.044
    ],
    [
      -0.0342,
      0.0133,
      -0.0373,
      -0.1653,
      0.0229
    ],
    [
      -0.043,
      0.0485,
      -0.04,
      -0.0834,
      0.003
    ],
    [
      0.051,
      -0.0059,
      -0.0063,
      0.0123,
      -0.0053
    ],
    [
      -0.0811,
      0.0321,
      0.0069,
      -0.0548,
      -0.0009
    ],
    [
      -0.0057,
      -0.0718,
      0.0545,
      -0.0766,
      0.0202
    ],
    [
      0.0319,
      0.018,
      -0.0191,
      0.1071,
      0.0288
    ],
    [
      -0.0144,
      0.0288,
      -0.013,
      0.061,
      -0.0013
    ],
    [
      0.0321,
      -0.0674,
      -0.046,
      -0.066,
      0.0245
    ],
    [
      0.044,
      -0.0534,
      -0.0037,
      0.0254,
      -0.0058
    ],
    [
      0.0113,
      -0.0312,
      -0.0125,
      -0.0705,
      -0.0052
    ],
    [
      0.0091,
      0.1132,
      0.0435,
      0.0134,
      0.0225
    ],
    [
      -0.0176,
      -0.041,
      -0.0053,
      0.0954,
      0.0366
    ],
    [
      -0.0511,
      0.0472,
      0.0114,
      -0.001,
      0.0149
    ],
    [
      0.0174,
      0.0544,
      0.039,
      -0.0092,
      -0.0024
    ],
    [
      0.0017,
      0.0298,
      0.0492,
      -0.0164,
      -0.0463
    ],
    [
      0.0353,
      0.0711,
      -0.0286,
      0.175,
      0.055
    ]
  ]
}
